board,reference,value,mpn,footprint,x_mm,y_mm,side,rotation_deg,coordinate_basis,rotation_status
mainboard,C1,10μF,GRM21BR61C106KE15K,Capacitor_SMD:C_0805_2012Metric,125.05,127.95,Top,90,KiCad PCB absolute source coordinates; auxiliary-origin offset not applied,SOURCE_ORIENTATION_REVIEW_ONLY
mainboard,C2,10μF,GRM21BR61C106KE15K,Capacitor_SMD:C_0805_2012Metric,155.85,56.050297,Top,-90,KiCad PCB absolute source coordinates; auxiliary-origin offset not applied,SOURCE_ORIENTATION_REVIEW_ONLY
mainboard,C3,10μF,GRM21BR61C106KE15K,Capacitor_SMD:C_0805_2012Metric,159.982062,69.634671,Top,180,KiCad PCB absolute source coordinates; auxiliary-origin offset not applied,SOURCE_ORIENTATION_REVIEW_ONLY
mainboard,C4,1μF,GRM216R61C105KA88D,Capacitor_SMD:C_0805_2012Metric,158.07357,67.582319,Top,180,KiCad PCB absolute source coordinates; auxiliary-origin offset not applied,SOURCE_ORIENTATION_REVIEW_ONLY
mainboard,C6,2700pF,GRM1885C1H272JA01J,Capacitor_SMD:C_0603_1608Metric,150.95,57.175,Top,-90,KiCad PCB absolute source coordinates; auxiliary-origin offset not applied,SOURCE_ORIENTATION_REVIEW_ONLY
mainboard,C7,10μF,GRM21BR61C106KE15K,Capacitor_SMD:C_0805_2012Metric,157.972253,56.05,Top,90,KiCad PCB absolute source coordinates; auxiliary-origin offset not applied,SOURCE_ORIENTATION_REVIEW_ONLY
mainboard,C9,0.1μF,GCM188R71C104KA37J,Capacitor_SMD:C_0603_1608Metric,136.325858,74.724126,Top,-90,KiCad PCB absolute source coordinates; auxiliary-origin offset not applied,SOURCE_ORIENTATION_REVIEW_ONLY
mainboard,C10,22μF,GRM319R61C226KE15D,Capacitor_SMD:C_1206_3216Metric,134.614407,69.697232,Top,0,KiCad PCB absolute source coordinates; auxiliary-origin offset not applied,SOURCE_ORIENTATION_REVIEW_ONLY
mainboard,C12,1μF,GRM216R61C105KA88D,Capacitor_SMD:C_0805_2012Metric,156.207041,69.648592,Top,180,KiCad PCB absolute source coordinates; auxiliary-origin offset not applied,SOURCE_ORIENTATION_REVIEW_ONLY
mainboard,C13,0.1μF,GCM188R71C104KA37J,Capacitor_SMD:C_0603_1608Metric,149.575,61,Top,0,KiCad PCB absolute source coordinates; auxiliary-origin offset not applied,SOURCE_ORIENTATION_REVIEW_ONLY
mainboard,C14,0.1μF,GCM188R71C104KA37J,Capacitor_SMD:C_0603_1608Metric,149.575,63.05,Top,0,KiCad PCB absolute source coordinates; auxiliary-origin offset not applied,SOURCE_ORIENTATION_REVIEW_ONLY
mainboard,C15,2700pF,GRM1885C1H272JA01J,Capacitor_SMD:C_0603_1608Metric,151,67.3,Top,90,KiCad PCB absolute source coordinates; auxiliary-origin offset not applied,SOURCE_ORIENTATION_REVIEW_ONLY
mainboard,C16,22μF,GRM319R61C226KE15D,Capacitor_SMD:C_1206_3216Metric,143.88511,70.193107,Top,0,KiCad PCB absolute source coordinates; auxiliary-origin offset not applied,SOURCE_ORIENTATION_REVIEW_ONLY
mainboard,C18,10μF,GRM21BR61C106KE15K,Capacitor_SMD:C_0805_2012Metric,139.111897,74.874786,Top,0,KiCad PCB absolute source coordinates; auxiliary-origin offset not applied,SOURCE_ORIENTATION_REVIEW_ONLY
mainboard,C23,1μF,GRM216R61C105KA88D,Capacitor_SMD:C_0805_2012Metric,141.935224,122.379451,Top,-90,KiCad PCB absolute source coordinates; auxiliary-origin offset not applied,SOURCE_ORIENTATION_REVIEW_ONLY
mainboard,C24,10μF,GRM21BR61C106KE15K,Capacitor_SMD:C_0805_2012Metric,130.473198,130.774567,Top,0,KiCad PCB absolute source coordinates; auxiliary-origin offset not applied,SOURCE_ORIENTATION_REVIEW_ONLY
mainboard,C25,10μF,GRM21BR61C106KE15K,Capacitor_SMD:C_0805_2012Metric,130.529632,138.571066,Top,0,KiCad PCB absolute source coordinates; auxiliary-origin offset not applied,SOURCE_ORIENTATION_REVIEW_ONLY
mainboard,C27,10μF,GRM21BR61C106KE15K,Capacitor_SMD:C_0805_2012Metric,132.103885,135.401996,Top,-90,KiCad PCB absolute source coordinates; auxiliary-origin offset not applied,SOURCE_ORIENTATION_REVIEW_ONLY
mainboard,C29,100uF,GRM32EC70J107ME15K,Capacitor_SMD:C_1210_3225Metric,122.3,127.375,Bottom,-90,KiCad PCB absolute source coordinates; auxiliary-origin offset not applied,SOURCE_ORIENTATION_REVIEW_ONLY
mainboard,C30,0.1μF,GCM188R71C104KA37J,Capacitor_SMD:C_0603_1608Metric,158.706303,139.003159,Top,-90,KiCad PCB absolute source coordinates; auxiliary-origin offset not applied,SOURCE_ORIENTATION_REVIEW_ONLY
mainboard,C31,0.1μF,GCM188R71C104KA37J,Capacitor_SMD:C_0603_1608Metric,122.55,117.375,Bottom,90,KiCad PCB absolute source coordinates; auxiliary-origin offset not applied,SOURCE_ORIENTATION_REVIEW_ONLY
mainboard,C32,10μF,GRM21BR61C106KE15K,Capacitor_SMD:C_0805_2012Metric,162.35,123.775,Top,-90,KiCad PCB absolute source coordinates; auxiliary-origin offset not applied,SOURCE_ORIENTATION_REVIEW_ONLY
mainboard,C33,1μF,GRM216R61C105KA88D,Capacitor_SMD:C_0805_2012Metric,156.782387,139.153476,Top,90,KiCad PCB absolute source coordinates; auxiliary-origin offset not applied,SOURCE_ORIENTATION_REVIEW_ONLY
mainboard,C34,0.1μF,GCM188R71C104KA37J,Capacitor_SMD:C_0603_1608Metric,160.45,123.975,Top,90,KiCad PCB absolute source coordinates; auxiliary-origin offset not applied,SOURCE_ORIENTATION_REVIEW_ONLY
mainboard,C35,10μF,GRM21BR61C106KE15K,Capacitor_SMD:C_0805_2012Metric,160.630219,139.163755,Top,90,KiCad PCB absolute source coordinates; auxiliary-origin offset not applied,SOURCE_ORIENTATION_REVIEW_ONLY
mainboard,C37,0.1μF,GCM188R71C104KA37J,Capacitor_SMD:C_0603_1608Metric,144.331648,126.305515,Top,180,KiCad PCB absolute source coordinates; auxiliary-origin offset not applied,SOURCE_ORIENTATION_REVIEW_ONLY
mainboard,C38,22μF,GRM319R61C226KE15D,Capacitor_SMD:C_1206_3216Metric,124.169999,76.354839,Bottom,90,KiCad PCB absolute source coordinates; auxiliary-origin offset not applied,SOURCE_ORIENTATION_REVIEW_ONLY
mainboard,C39,0.1μF,GCM188R71C104KA37J,Capacitor_SMD:C_0603_1608Metric,126.319733,77.14701,Bottom,90,KiCad PCB absolute source coordinates; auxiliary-origin offset not applied,SOURCE_ORIENTATION_REVIEW_ONLY
mainboard,C40,0.1μF,GCM188R71C104KA37J,Capacitor_SMD:C_0603_1608Metric,132.464132,77.066611,Bottom,-90,KiCad PCB absolute source coordinates; auxiliary-origin offset not applied,SOURCE_ORIENTATION_REVIEW_ONLY
mainboard,C41,1μF,GRM216R61C105KA88D,Capacitor_SMD:C_0805_2012Metric,128.357347,76.891611,Bottom,90,KiCad PCB absolute source coordinates; auxiliary-origin offset not applied,SOURCE_ORIENTATION_REVIEW_ONLY
mainboard,C42,10μF,GRM21BR61C106KE15K,Capacitor_SMD:C_0805_2012Metric,131.3,119.6,Bottom,-90,KiCad PCB absolute source coordinates; auxiliary-origin offset not applied,SOURCE_ORIENTATION_REVIEW_ONLY
mainboard,D4,BAT54C,BAT54C,Package_TO_SOT_SMD:SOT-23,129.6,123.5875,Top,-90,KiCad PCB absolute source coordinates; auxiliary-origin offset not applied,SOURCE_ORIENTATION_REVIEW_ONLY
mainboard,J1,SJ-3506-SMT,SJ-3506-SMT-TR,footprints:CUI_SJ-3506-SMT,130.17331,57.542584,Bottom,-90,KiCad PCB absolute source coordinates; auxiliary-origin offset not applied,SOURCE_ORIENTATION_REVIEW_ONLY
mainboard,J2,FP Connector,GT-F0509SR15-15SMT01,footprints:G-Switch GT-F0509SR15-15SMT01,166.75,96.05,Bottom,90,KiCad PCB absolute source coordinates; auxiliary-origin offset not applied,SOURCE_ORIENTATION_REVIEW_ONLY
mainboard,J4,SD_Card,DM1AA-SF-PEJ(82),Connector_Card:SD_Hirose_DM1AA_SF_PEJ82,149.243505,119.7,Bottom,-90,KiCad PCB absolute source coordinates; auxiliary-origin offset not applied,SOURCE_ORIENTATION_REVIEW_ONLY
mainboard,J6,USB,USB4510-03-1-A,footprints:GCT_USB4510-03-1-A_REVA,143.434987,143.996371,Bottom,180,KiCad PCB absolute source coordinates; auxiliary-origin offset not applied,SOURCE_ORIENTATION_REVIEW_ONLY
mainboard,J7,Battery,S3B-PH-K-S(LF)(SN),Connector_JST:JST_PH_S3B-PH-K_1x03_P2.00mm_Horizontal,125.384805,141.798597,Bottom,0,KiCad PCB absolute source coordinates; auxiliary-origin offset not applied,SOURCE_ORIENTATION_REVIEW_ONLY
mainboard,L1,4.7μH,1239AS-H-4R7M=P2,Inductor_SMD:L_1008_2520Metric,133.891932,72.973879,Top,90,KiCad PCB absolute source coordinates; auxiliary-origin offset not applied,SOURCE_ORIENTATION_REVIEW_ONLY
mainboard,L2,4.7μH,1239AS-H-4R7M=P2,Inductor_SMD:L_1008_2520Metric,143.044904,73.86026,Top,-90,KiCad PCB absolute source coordinates; auxiliary-origin offset not applied,SOURCE_ORIENTATION_REVIEW_ONLY
mainboard,Q1,PMV48XPA2R,PMV48XPA2R,Package_TO_SOT_SMD:TSOT-23,134.972625,134.913826,Top,90,KiCad PCB absolute source coordinates; auxiliary-origin offset not applied,SOURCE_ORIENTATION_REVIEW_ONLY
mainboard,Q2,PJC138K,PJC138K_R1_00001,Package_TO_SOT_SMD:SOT-323_SC-70,134.751566,138.646014,Top,180,KiCad PCB absolute source coordinates; auxiliary-origin offset not applied,SOURCE_ORIENTATION_REVIEW_ONLY
mainboard,Q3,PJC138K,PJC138K_R1_00001,Package_TO_SOT_SMD:SOT-323_SC-70,138.5,117.85,Top,-90,KiCad PCB absolute source coordinates; auxiliary-origin offset not applied,SOURCE_ORIENTATION_REVIEW_ONLY
mainboard,R2,10kΩ,AC0603JR-0710KL,Resistor_SMD:R_0603_1608Metric,140.712424,112.335939,Top,90,KiCad PCB absolute source coordinates; auxiliary-origin offset not applied,SOURCE_ORIENTATION_REVIEW_ONLY
mainboard,R3,2.2kΩ,RR1220P-222-D,Resistor_SMD:R_0805_2012Metric,149.1,67.5,Top,90,KiCad PCB absolute source coordinates; auxiliary-origin offset not applied,SOURCE_ORIENTATION_REVIEW_ONLY
mainboard,R4,10kΩ,AC0603JR-0710KL,Resistor_SMD:R_0603_1608Metric,125.47413,67.227334,Bottom,-90,KiCad PCB absolute source coordinates; auxiliary-origin offset not applied,SOURCE_ORIENTATION_REVIEW_ONLY
mainboard,R5,10kΩ,AC0603JR-0710KL,Resistor_SMD:R_0603_1608Metric,149.8,72.5,Top,-90,KiCad PCB absolute source coordinates; auxiliary-origin offset not applied,SOURCE_ORIENTATION_REVIEW_ONLY
mainboard,R6,560Ω,RR1220P-561-D,Resistor_SMD:R_0805_2012Metric,153.55,59.5,Top,180,KiCad PCB absolute source coordinates; auxiliary-origin offset not applied,SOURCE_ORIENTATION_REVIEW_ONLY
mainboard,R7,1MΩ,AC0603FR-131ML,Resistor_SMD:R_0603_1608Metric,126.93306,124.00986,Top,-90,KiCad PCB absolute source coordinates; auxiliary-origin offset not applied,SOURCE_ORIENTATION_REVIEW_ONLY
mainboard,R8,2.2kΩ,RR1220P-222-D,Resistor_SMD:R_0805_2012Metric,149.1,57,Top,-90,KiCad PCB absolute source coordinates; auxiliary-origin offset not applied,SOURCE_ORIENTATION_REVIEW_ONLY
mainboard,R9,10kΩ,AC0603JR-0710KL,Resistor_SMD:R_0603_1608Metric,130.656118,111.768645,Bottom,0,KiCad PCB absolute source coordinates; auxiliary-origin offset not applied,SOURCE_ORIENTATION_REVIEW_ONLY
mainboard,R10,10kΩ,AC0603JR-0710KL,Resistor_SMD:R_0603_1608Metric,149.095421,106.457147,Top,90,KiCad PCB absolute source coordinates; auxiliary-origin offset not applied,SOURCE_ORIENTATION_REVIEW_ONLY
mainboard,R11,10kΩ,AC0603JR-0710KL,Resistor_SMD:R_0603_1608Metric,130.258592,123.260288,Bottom,0,KiCad PCB absolute source coordinates; auxiliary-origin offset not applied,SOURCE_ORIENTATION_REVIEW_ONLY
mainboard,R12,10kΩ,AC0603JR-0710KL,Resistor_SMD:R_0603_1608Metric,130.258592,125.684409,Bottom,0,KiCad PCB absolute source coordinates; auxiliary-origin offset not applied,SOURCE_ORIENTATION_REVIEW_ONLY
mainboard,R15,560Ω,RR1220P-561-D,Resistor_SMD:R_0805_2012Metric,153.6,64.9,Top,180,KiCad PCB absolute source coordinates; auxiliary-origin offset not applied,SOURCE_ORIENTATION_REVIEW_ONLY
mainboard,R21,10kΩ,AC0603JR-0710KL,Resistor_SMD:R_0603_1608Metric,145.615125,122.153257,Top,90,KiCad PCB absolute source coordinates; auxiliary-origin offset not applied,SOURCE_ORIENTATION_REVIEW_ONLY
mainboard,R22,10kΩ,AC0603JR-0710KL,Resistor_SMD:R_0603_1608Metric,142.360517,112.351528,Top,90,KiCad PCB absolute source coordinates; auxiliary-origin offset not applied,SOURCE_ORIENTATION_REVIEW_ONLY
mainboard,R26,10kΩ,AC0603JR-0710KL,Resistor_SMD:R_0603_1608Metric,147.443207,122.135929,Top,90,KiCad PCB absolute source coordinates; auxiliary-origin offset not applied,SOURCE_ORIENTATION_REVIEW_ONLY
mainboard,R30,10kΩ,AC0603JR-0710KL,Resistor_SMD:R_0603_1608Metric,143.74795,122.155803,Top,90,KiCad PCB absolute source coordinates; auxiliary-origin offset not applied,SOURCE_ORIENTATION_REVIEW_ONLY
mainboard,R31,10kΩ,AC0603JR-0710KL,Resistor_SMD:R_0603_1608Metric,148.336413,117.85,Top,180,KiCad PCB absolute source coordinates; auxiliary-origin offset not applied,SOURCE_ORIENTATION_REVIEW_ONLY
mainboard,R32,10kΩ,AC0603JR-0710KL,Resistor_SMD:R_0603_1608Metric,148.35,119.5,Top,180,KiCad PCB absolute source coordinates; auxiliary-origin offset not applied,SOURCE_ORIENTATION_REVIEW_ONLY
mainboard,R34,10kΩ,AC0603JR-0710KL,Resistor_SMD:R_0603_1608Metric,122.439406,135.533013,Top,0,KiCad PCB absolute source coordinates; auxiliary-origin offset not applied,SOURCE_ORIENTATION_REVIEW_ONLY
mainboard,R35,10kΩ,AC0603JR-0710KL,Resistor_SMD:R_0603_1608Metric,122.434189,137.149989,Top,180,KiCad PCB absolute source coordinates; auxiliary-origin offset not applied,SOURCE_ORIENTATION_REVIEW_ONLY
mainboard,R37,10kΩ,AC0603JR-0710KL,Resistor_SMD:R_0603_1608Metric,152.140258,138.904528,Top,90,KiCad PCB absolute source coordinates; auxiliary-origin offset not applied,SOURCE_ORIENTATION_REVIEW_ONLY
mainboard,R38,10kΩ,AC0603JR-0710KL,Resistor_SMD:R_0603_1608Metric,153.888406,138.910188,Top,90,KiCad PCB absolute source coordinates; auxiliary-origin offset not applied,SOURCE_ORIENTATION_REVIEW_ONLY
mainboard,R39,1kΩ,RC0603DR-071KL,Resistor_SMD:R_0603_1608Metric,122.434189,138.766966,Top,180,KiCad PCB absolute source coordinates; auxiliary-origin offset not applied,SOURCE_ORIENTATION_REVIEW_ONLY
mainboard,R41,10kΩ,AC0603JR-0710KL,Resistor_SMD:R_0603_1608Metric,122.439439,133.203528,Top,0,KiCad PCB absolute source coordinates; auxiliary-origin offset not applied,SOURCE_ORIENTATION_REVIEW_ONLY
mainboard,R42,1kΩ,RC0603DR-071KL,Resistor_SMD:R_0603_1608Metric,162.554135,138.938126,Top,-90,KiCad PCB absolute source coordinates; auxiliary-origin offset not applied,SOURCE_ORIENTATION_REVIEW_ONLY
mainboard,R49,10kΩ,AC0603JR-0710KL,Resistor_SMD:R_0603_1608Metric,134.180064,77.06106,Bottom,-90,KiCad PCB absolute source coordinates; auxiliary-origin offset not applied,SOURCE_ORIENTATION_REVIEW_ONLY
mainboard,R50,1MΩ,AC0603FR-131ML,Resistor_SMD:R_0603_1608Metric,132.76144,142.677326,Top,180,KiCad PCB absolute source coordinates; auxiliary-origin offset not applied,SOURCE_ORIENTATION_REVIEW_ONLY
mainboard,R51,1MΩ,AC0603FR-131ML,Resistor_SMD:R_0603_1608Metric,132.78644,140.877326,Top,0,KiCad PCB absolute source coordinates; auxiliary-origin offset not applied,SOURCE_ORIENTATION_REVIEW_ONLY
mainboard,R55,10kΩ,AC0603JR-0710KL,Resistor_SMD:R_0603_1608Metric,135.915272,77.039769,Bottom,-90,KiCad PCB absolute source coordinates; auxiliary-origin offset not applied,SOURCE_ORIENTATION_REVIEW_ONLY
mainboard,R56,1MΩ,AC0603FR-131ML,Resistor_SMD:R_0603_1608Metric,130.540607,77.091611,Bottom,-90,KiCad PCB absolute source coordinates; auxiliary-origin offset not applied,SOURCE_ORIENTATION_REVIEW_ONLY
mainboard,R57,10kΩ,AC0603JR-0710KL,Resistor_SMD:R_0603_1608Metric,130.687103,109.171683,Bottom,0,KiCad PCB absolute source coordinates; auxiliary-origin offset not applied,SOURCE_ORIENTATION_REVIEW_ONLY
mainboard,R58,10kΩ,AC0603JR-0710KL,Resistor_SMD:R_0603_1608Metric,126.611948,107.939576,Bottom,90,KiCad PCB absolute source coordinates; auxiliary-origin offset not applied,SOURCE_ORIENTATION_REVIEW_ONLY
mainboard,R59,10kΩ,AC0603JR-0710KL,Resistor_SMD:R_0603_1608Metric,147.350884,106.473921,Top,90,KiCad PCB absolute source coordinates; auxiliary-origin offset not applied,SOURCE_ORIENTATION_REVIEW_ONLY
mainboard,R61,10kΩ,AC0603JR-0710KL,Resistor_SMD:R_0603_1608Metric,130.258592,128.108531,Bottom,0,KiCad PCB absolute source coordinates; auxiliary-origin offset not applied,SOURCE_ORIENTATION_REVIEW_ONLY
mainboard,SW1,SW_SPDT,JS102011SAQN,Button_Switch_SMD:SW_SPDT_CK-JS102011SAQN,119.98983,68.659556,Bottom,90,KiCad PCB absolute source coordinates; auxiliary-origin offset not applied,SOURCE_ORIENTATION_REVIEW_ONLY
mainboard,SW2,SW_Push,EVQ-P40B3M,footprints:SW_EVQ-P4HB3B,167.805031,62.580976,Bottom,-90,KiCad PCB absolute source coordinates; auxiliary-origin offset not applied,SOURCE_ORIENTATION_REVIEW_ONLY
mainboard,SW3,SW_Push,EVQ-P40B3M,footprints:SW_EVQ-P4HB3B,167.805031,73.79166,Bottom,-90,KiCad PCB absolute source coordinates; auxiliary-origin offset not applied,SOURCE_ORIENTATION_REVIEW_ONLY
mainboard,U1,INA1620,INA1620RTWR,Package_DFN_QFN:QFN-24-1EP_4x4mm_P0.5mm_EP2.7x2.7mm_ThermalVias,144.956329,62.016102,Top,180,KiCad PCB absolute source coordinates; auxiliary-origin offset not applied,SOURCE_ORIENTATION_REVIEW_ONLY
mainboard,U3,D5V0L2B3T-7,D5V0L2B3T-7,Package_TO_SOT_SMD:SOT-523,140.499979,62.121809,Top,180,KiCad PCB absolute source coordinates; auxiliary-origin offset not applied,SOURCE_ORIENTATION_REVIEW_ONLY
mainboard,U4,TLV75533PDBV,TLV75533PDBV,Package_TO_SOT_SMD:SOT-23-5,128.415497,127.954481,Top,180,KiCad PCB absolute source coordinates; auxiliary-origin offset not applied,SOURCE_ORIENTATION_REVIEW_ONLY
mainboard,U5,PE1605C4A6,PE1605C4A6,Package_TO_SOT_SMD:SOT-23-6,143.434252,132.798345,Top,90,KiCad PCB absolute source coordinates; auxiliary-origin offset not applied,SOURCE_ORIENTATION_REVIEW_ONLY
mainboard,U7,TPS65133,TPS65133DPDR,footprints:SON40P300X300X80-13N,139.214979,70.863235,Top,180,KiCad PCB absolute source coordinates; auxiliary-origin offset not applied,SOURCE_ORIENTATION_REVIEW_ONLY
mainboard,U9,PCA8575,"PCA8575BS,118",Package_DFN_QFN:HVQFN-24-1EP_4x4mm_P0.5mm_EP2.1x2.1mm,142.7875,117.3,Top,180,KiCad PCB absolute source coordinates; auxiliary-origin offset not applied,SOURCE_ORIENTATION_REVIEW_ONLY
mainboard,U10,MCP73871,MCP73871-2CCI/ML,footprints:QFN-20-1EP_4x4mm_P0.5mm_EP2.5x2.5mm_ThermalVias2,127.902083,134.695156,Top,-90,KiCad PCB absolute source coordinates; auxiliary-origin offset not applied,SOURCE_ORIENTATION_REVIEW_ONLY
mainboard,U12,BD91N01NUX,BD91N01NUX,footprints:BD91N01NUX-E2,147.475461,128.00669,Top,0,KiCad PCB absolute source coordinates; auxiliary-origin offset not applied,SOURCE_ORIENTATION_REVIEW_ONLY
mainboard,U13,ATSAMD21E18A-AF,ATSAMD21E18A-AF,Package_QFP:TQFP-32_7x7mm_P0.8mm,157.185125,131.081507,Top,180,KiCad PCB absolute source coordinates; auxiliary-origin offset not applied,SOURCE_ORIENTATION_REVIEW_ONLY
mainboard,U14,74CBTLV3257,74CBTLV3257PW-Q10J,Package_SO:TSSOP-16_4.4x5mm_P0.65mm,126.15,115.025,Bottom,-90,KiCad PCB absolute source coordinates; auxiliary-origin offset not applied,SOURCE_ORIENTATION_REVIEW_ONLY
mainboard,U15,ESP32-WROVER-E,ESP32-WROVER-E-N16R8,footprints:ESP32-WROVER,124.19,91.4,Bottom,-90,KiCad PCB absolute source coordinates; auxiliary-origin offset not applied,SOURCE_ORIENTATION_REVIEW_ONLY
mainboard,U16,TPS22948,TPS22948DCKR,footprints:SOT65P210X110-6N,124.65,121.76,Bottom,90,KiCad PCB absolute source coordinates; auxiliary-origin offset not applied,SOURCE_ORIENTATION_REVIEW_ONLY
mainboard,U17,WM8523,WM8523GEDT/R,Package_SO:SSOP-20_4.4x6.5mm_P0.65mm,159.077489,62.215954,Top,90,KiCad PCB absolute source coordinates; auxiliary-origin offset not applied,SOURCE_ORIENTATION_REVIEW_ONLY
