Ref,Val,Package,PosX,PosY,Rot,Side
"C29","100uF","C_1210_3225Metric",122.300000,-127.375000,-90.000000,bottom
"C31","0.1μF","C_0603_1608Metric",122.550000,-117.375000,90.000000,bottom
"C38","22μF","C_1206_3216Metric",124.169999,-76.354839,90.000000,bottom
"C39","0.1μF","C_0603_1608Metric",126.319733,-77.147010,90.000000,bottom
"C40","0.1μF","C_0603_1608Metric",132.464132,-77.066611,-90.000000,bottom
"C41","1μF","C_0805_2012Metric",128.357347,-76.891611,90.000000,bottom
"C42","10μF","C_0805_2012Metric",131.300000,-119.600000,-90.000000,bottom
"J1","SJ-3506-SMT","CUI_SJ-3506-SMT",130.173310,-57.542584,-90.000000,bottom
"J2","FP Connector","G-Switch GT-F0509SR15-15SMT01",166.750000,-96.050000,90.000000,bottom
"J4","SD_Card","SD_Hirose_DM1AA_SF_PEJ82",149.243505,-119.700000,-90.000000,bottom
"J5","SWD","SAMDSWD",159.261989,-143.978955,180.000000,bottom
"J6","USB","GCT_USB4510-03-1-A_REVA",143.434987,-143.996371,180.000000,bottom
"J7","Battery","JST_PH_S3B-PH-K_1x03_P2.00mm_Horizontal",125.384805,-141.798597,0.000000,bottom
"R1","10kΩ","R_0603_1608Metric",133.083246,-141.855538,90.000000,bottom
"R4","10kΩ","R_0603_1608Metric",125.474130,-67.227334,-90.000000,bottom
"R9","10kΩ","R_0603_1608Metric",130.656118,-111.768645,0.000000,bottom
"R11","10kΩ","R_0603_1608Metric",130.258592,-123.260288,0.000000,bottom
"R12","10kΩ","R_0603_1608Metric",130.258592,-125.684409,0.000000,bottom
"R49","10kΩ","R_0603_1608Metric",134.180064,-77.061060,-90.000000,bottom
"R55","10kΩ","R_0603_1608Metric",135.915272,-77.039769,-90.000000,bottom
"R56","1MΩ","R_0603_1608Metric",130.540607,-77.091611,-90.000000,bottom
"R57","10kΩ","R_0603_1608Metric",130.687103,-109.171683,0.000000,bottom
"R58","10kΩ","R_0603_1608Metric",126.611948,-107.939576,90.000000,bottom
"R61","10kΩ","R_0603_1608Metric",130.258592,-128.108531,0.000000,bottom
"SW1","SW_SPDT","SW_SPDT_CK-JS102011SAQN",119.989830,-68.659556,90.000000,bottom
"SW2","SW_Push","SW_EVQ-P4HB3B",167.805031,-62.580976,-90.000000,bottom
"SW3","SW_Push","SW_EVQ-P4HB3B",167.805031,-73.791660,-90.000000,bottom
"U14","74CBTLV3257","TSSOP-16_4.4x5mm_P0.65mm",126.150000,-115.025000,-90.000000,bottom
"U15","ESP32-WROVER-E","ESP32-WROVER",124.190000,-91.400000,-90.000000,bottom
"U16","TPS22948","SOT65P210X110-6N",124.650000,-121.760000,90.000000,bottom
"C1","10μF","C_0805_2012Metric",125.050000,-127.950000,90.000000,top
"C2","10μF","C_0805_2012Metric",155.850000,-56.050297,-90.000000,top
"C3","10μF","C_0805_2012Metric",159.982062,-69.634671,180.000000,top
"C4","1μF","C_0805_2012Metric",158.073570,-67.582319,180.000000,top
"C6","2700pF","C_0603_1608Metric",150.950000,-57.175000,-90.000000,top
"C7","10μF","C_0805_2012Metric",157.972253,-56.050000,90.000000,top
"C9","0.1μF","C_0603_1608Metric",136.325858,-74.724126,-90.000000,top
"C10","22μF","C_1206_3216Metric",134.614407,-69.697232,0.000000,top
"C12","1μF","C_0805_2012Metric",156.207041,-69.648592,180.000000,top
"C13","0.1μF","C_0603_1608Metric",149.575000,-61.000000,0.000000,top
"C14","0.1μF","C_0603_1608Metric",149.575000,-63.050000,0.000000,top
"C15","2700pF","C_0603_1608Metric",151.000000,-67.300000,90.000000,top
"C16","22μF","C_1206_3216Metric",143.885110,-70.193107,0.000000,top
"C17","100pF","C_0603_1608Metric",142.925000,-65.600000,180.000000,top
"C18","10μF","C_0805_2012Metric",139.111897,-74.874786,0.000000,top
"C19","100pF","C_0603_1608Metric",142.962124,-58.425496,180.000000,top
"C23","1μF","C_0805_2012Metric",141.935224,-122.379451,-90.000000,top
"C24","10μF","C_0805_2012Metric",130.473198,-130.774567,0.000000,top
"C25","10μF","C_0805_2012Metric",130.529632,-138.571066,0.000000,top
"C27","10μF","C_0805_2012Metric",132.103885,-135.401996,-90.000000,top
"C30","0.1μF","C_0603_1608Metric",158.706303,-139.003159,-90.000000,top
"C32","10μF","C_0805_2012Metric",162.350000,-123.775000,-90.000000,top
"C33","1μF","C_0805_2012Metric",156.782387,-139.153476,90.000000,top
"C34","0.1μF","C_0603_1608Metric",160.450000,-123.975000,90.000000,top
"C35","10μF","C_0805_2012Metric",160.630219,-139.163755,90.000000,top
"C37","0.1μF","C_0603_1608Metric",144.331648,-126.305515,180.000000,top
"D4","BAT54C","SOT-23",129.600000,-123.587500,-90.000000,top
"J3","JTAG","PinHeader_2x05_P1.27mm_Vertical_SMD",145.660000,-89.400000,90.000000,top
"L1","4.7μH","L_1008_2520Metric",133.891932,-72.973879,90.000000,top
"L2","4.7μH","L_1008_2520Metric",143.044904,-73.860260,-90.000000,top
"Q1","PMV48XPA2R","TSOT-23",134.972625,-134.913826,90.000000,top
"Q2","PJC138K","SOT-323_SC-70",134.751566,-138.646014,180.000000,top
"Q3","PJC138K","SOT-323_SC-70",138.500000,-117.850000,-90.000000,top
"R2","10kΩ","R_0603_1608Metric",140.712424,-112.335939,90.000000,top
"R3","2.2kΩ","R_0805_2012Metric",149.100000,-67.500000,90.000000,top
"R5","10kΩ","R_0603_1608Metric",149.800000,-72.500000,-90.000000,top
"R6","560Ω","R_0805_2012Metric",153.550000,-59.500000,180.000000,top
"R7","1MΩ","R_0603_1608Metric",126.933060,-124.009860,-90.000000,top
"R8","2.2kΩ","R_0805_2012Metric",149.100000,-57.000000,-90.000000,top
"R10","10kΩ","R_0603_1608Metric",149.095421,-106.457147,90.000000,top
"R15","560Ω","R_0805_2012Metric",153.600000,-64.900000,180.000000,top
"R21","10kΩ","R_0603_1608Metric",145.615125,-122.153257,90.000000,top
"R22","10kΩ","R_0603_1608Metric",142.360517,-112.351528,90.000000,top
"R26","10kΩ","R_0603_1608Metric",147.443207,-122.135929,90.000000,top
"R30","10kΩ","R_0603_1608Metric",143.747950,-122.155803,90.000000,top
"R31","10kΩ","R_0603_1608Metric",148.336413,-117.850000,180.000000,top
"R32","10kΩ","R_0603_1608Metric",148.350000,-119.500000,180.000000,top
"R34","10kΩ","R_0603_1608Metric",122.439406,-135.533013,0.000000,top
"R35","10kΩ","R_0603_1608Metric",122.434189,-137.149989,180.000000,top
"R37","10kΩ","R_0603_1608Metric",152.140258,-138.904528,90.000000,top
"R38","10kΩ","R_0603_1608Metric",153.888406,-138.910188,90.000000,top
"R39","1kΩ","R_0603_1608Metric",122.434189,-138.766966,180.000000,top
"R41","10kΩ","R_0603_1608Metric",122.439439,-133.203528,0.000000,top
"R42","1kΩ","R_0603_1608Metric",162.554135,-138.938126,-90.000000,top
"R50","1MΩ","R_0603_1608Metric",132.761440,-142.677326,180.000000,top
"R51","1MΩ","R_0603_1608Metric",132.786440,-140.877326,0.000000,top
"R59","10kΩ","R_0603_1608Metric",147.350884,-106.473921,90.000000,top
"U1","INA1620","QFN-24-1EP_4x4mm_P0.5mm_EP2.7x2.7mm_ThermalVias",144.956329,-62.016102,180.000000,top
"U3","D5V0L2B3T-7","SOT-523",140.499979,-62.121809,180.000000,top
"U4","TLV75533PDBV","SOT-23-5",128.415497,-127.954481,180.000000,top
"U5","PE1605C4A6","SOT-23-6",143.434252,-132.798345,90.000000,top
"U7","TPS65133","SON40P300X300X80-13N",139.214979,-70.863235,180.000000,top
"U9","PCA8575","HVQFN-24-1EP_4x4mm_P0.5mm_EP2.1x2.1mm",142.787500,-117.300000,180.000000,top
"U10","MCP73871","QFN-20-1EP_4x4mm_P0.5mm_EP2.5x2.5mm_ThermalVias2",127.902083,-134.695156,-90.000000,top
"U12","BD91N01NUX","BD91N01NUX-E2",147.475461,-128.006690,0.000000,top
"U13","ATSAMD21E18A-AF","TQFP-32_7x7mm_P0.8mm",157.185125,-131.081507,180.000000,top
"U17","WM8523","SSOP-20_4.4x6.5mm_P0.65mm",159.077489,-62.215954,90.000000,top
