References,Quantity,MPN,Value,Footprint,Method,Assembly
"C5,C7,C3",3,C0805C104K5RACTU,100nF,Capacitor_SMD:C_0805_2012Metric,SMT,Factory install; no customer soldering
"C4,C6",2,C2012X7R1A106K125AC,10uF,Capacitor_SMD:C_0805_2012Metric,SMT,Factory install; no customer soldering
"C1,C2",2,C3225X7R1C226M250AC,22uF,Capacitor_SMD:C_1210_3225Metric,SMT,Factory install; no customer soldering
J4,1,DM3AT-SF-PEJM5,Dedicated microSD,Connector_Card:microSD_HC_Hirose_DM3AT-SF-PEJM5,SMT,Factory install; no customer soldering
J3,1,FH12-18S-0.5SH(55),EYESPI ribbon,Connector_FFC-FPC:Hirose_FH12-18S-0.5SH_1x18-1MP_P0.50mm_Horizontal,SMT,Factory install; no customer soldering
F1,1,MF-NSMF075-2,0.75A hold PTC,Fuse:Fuse_1206_3216Metric,SMT,Factory install; no customer soldering
"R20,R21",2,RC0603FR-07100KL,100k,Resistor_SMD:R_0603_1608Metric,SMT,Factory install; no customer soldering
"R1,R2,R3,R4,R5,R6,R7,R8,R9,R10",10,RC0603FR-07100RL,100R,Resistor_SMD:R_0603_1608Metric,SMT,Factory install; no customer soldering
"R17,R18,R19",3,RC0603FR-0710KL,10k,Resistor_SMD:R_0603_1608Metric,SMT,Factory install; no customer soldering
"R11,R12,R13,R14,R15,R16",6,RC0603FR-0747KL,47k,Resistor_SMD:R_0603_1608Metric,SMT,Factory install; no customer soldering
J5,1,SM04B-SRSS-TB(LF)(SN),ANO #6310 cable,Connector_JST:JST_SH_SM04B-SRSS-TB_1x04-1MP_P1.00mm_Horizontal,SMT,Factory install; no customer soldering
J2,1,SSW-112-01-G-S,Feather JP3 socket,Connector_PinSocket_2.54mm:PinSocket_1x12_P2.54mm_Vertical,Through-hole,Factory install; no customer soldering
J1,1,SSW-116-01-G-S,Feather JP1 socket,Connector_PinSocket_2.54mm:PinSocket_1x16_P2.54mm_Vertical,Through-hole,Factory install; no customer soldering
U1,1,TPS62162DSGR,TPS62162DSGR / 3.3V,Package_SON:WSON-8-1EP_2x2mm_P0.5mm_EP0.9x1.6mm_ThermalVias,SMT,Factory install; no customer soldering
L1,1,XFL4020-222MEC,2.2uH,Inductor_SMD:L_Coilcraft_XxL4020,SMT,Factory install; no customer soldering
